{
  "IcoMoonType": "selection",
  "icons": [
    {
      "icon": {
        "paths": [
          "M511.986 0.029l159.987 320.002 352.028 51.201-256.007 249.568 57.612 352.028-313.619-166.426-313.591 166.397 57.612-352.028-256.007-249.539 352.028-51.201z"
        ],
        "attrs": [
          {}
        ],
        "isMulticolor": false,
        "isMulticolor2": false,
        "grid": 0,
        "tags": [
          "star"
        ]
      },
      "attrs": [
        {}
      ],
      "properties": {
        "order": 517,
        "id": 54,
        "name": "star",
        "prevSize": 32,
        "code": 59700
      },
      "setIdx": 0,
      "setId": 3,
      "iconIdx": 0
    },
    {
      "icon": {
        "paths": [
          "M938.667 85.333h-256c-68.267 0-132.267 34.133-170.667 85.333-38.4-51.2-102.4-85.333-170.667-85.333h-256c-25.6 0-42.667 17.067-42.667 42.667v640c0 25.6 17.067 42.667 42.667 42.667h298.667c46.933 0 85.333 38.4 85.333 85.333 0 25.6 17.067 42.667 42.667 42.667s42.667-17.067 42.667-42.667c0-46.933 38.4-85.333 85.333-85.333h298.667c25.6 0 42.667-17.067 42.667-42.667v-640c0-25.6-17.067-42.667-42.667-42.667zM469.333 746.667c-25.6-12.8-55.467-21.333-85.333-21.333h-256v-554.667h213.333c72.533 0 128 55.467 128 128v448zM896 725.333h-256c-29.867 0-59.733 8.533-85.333 21.333v-448c0-72.533 55.467-128 128-128h213.333v554.667z"
        ],
        "attrs": [
          {}
        ],
        "isMulticolor": false,
        "isMulticolor2": false,
        "colorPermutations": {
          "2330123501": [
            {}
          ]
        },
        "tags": [
          "ic_quy_dinh"
        ],
        "grid": 0
      },
      "attrs": [
        {}
      ],
      "properties": {
        "order": 514,
        "id": 0,
        "name": "ic_quy_dinh",
        "prevSize": 32,
        "code": 59683
      },
      "setIdx": 0,
      "setId": 3,
      "iconIdx": 1
    },
    {
      "icon": {
        "paths": [
          "M896 0h-768c-70.4 0-128 57.6-128 128v768c0 70.4 57.6 128 128 128h768c70.4 0 128-57.6 128-128v-768c0-70.4-57.6-128-128-128zM448 794.51l-237.254-237.256 90.51-90.508 146.744 146.744 306.746-306.746 90.508 90.51-397.254 397.256z"
        ],
        "attrs": [
          {}
        ],
        "isMulticolor": false,
        "isMulticolor2": false,
        "colorPermutations": {
          "2330123501": [
            {}
          ]
        },
        "tags": [
          "checkbox-checked"
        ],
        "grid": 0
      },
      "attrs": [
        {}
      ],
      "properties": {
        "order": 512,
        "id": 1,
        "name": "checkbox-checked",
        "prevSize": 32,
        "code": 59701
      },
      "setIdx": 0,
      "setId": 3,
      "iconIdx": 2
    },
    {
      "icon": {
        "paths": [
          "M896 0h-768c-70.4 0-128 57.6-128 128v768c0 70.4 57.6 128 128 128h768c70.4 0 128-57.6 128-128v-768c0-70.4-57.6-128-128-128zM896 896h-768v-768h768v768z"
        ],
        "attrs": [
          {}
        ],
        "isMulticolor": false,
        "isMulticolor2": false,
        "colorPermutations": {
          "2330123501": [
            {}
          ]
        },
        "tags": [
          "checkbox-unchecked"
        ],
        "grid": 0
      },
      "attrs": [
        {}
      ],
      "properties": {
        "order": 513,
        "id": 2,
        "name": "checkbox-unchecked",
        "prevSize": 32,
        "code": 59702
      },
      "setIdx": 0,
      "setId": 3,
      "iconIdx": 3
    },
    {
      "icon": {
        "paths": [
          "M234.667 768c128 0 234.667-106.667 234.667-234.667 0-55.467-21.333-106.667-55.467-149.333h196.267c-34.133 42.667-55.467 93.867-55.467 149.333 0 128 106.667 234.667 234.667 234.667s234.667-106.667 234.667-234.667c0-128-106.667-234.667-234.667-234.667h-554.667c-128 0-234.667 106.667-234.667 234.667s106.667 234.667 234.667 234.667zM938.667 533.333c0 81.067-68.267 149.333-149.333 149.333s-149.333-68.267-149.333-149.333 68.267-149.333 149.333-149.333 149.333 68.267 149.333 149.333zM234.667 384c81.067 0 149.333 68.267 149.333 149.333s-68.267 149.333-149.333 149.333-149.333-68.267-149.333-149.333 68.267-149.333 149.333-149.333z"
        ],
        "attrs": [
          {}
        ],
        "isMulticolor": false,
        "isMulticolor2": false,
        "colorPermutations": {
          "2330123501": [
            {}
          ]
        },
        "tags": [
          "ic_luot_xem"
        ],
        "grid": 0
      },
      "attrs": [
        {}
      ],
      "properties": {
        "order": 509,
        "id": 3,
        "name": "ic_luot_xem",
        "prevSize": 32,
        "code": 59673
      },
      "setIdx": 0,
      "setId": 3,
      "iconIdx": 4
    },
    {
      "icon": {
        "paths": [
          "M768 597.333h-85.333v-170.667h85.333c93.867 0 170.667-76.8 170.667-170.667s-76.8-170.667-170.667-170.667-170.667 76.8-170.667 170.667v85.333h-170.667v-85.333c0-93.867-76.8-170.667-170.667-170.667s-170.667 76.8-170.667 170.667 76.8 170.667 170.667 170.667h85.333v170.667h-85.333c-93.867 0-170.667 76.8-170.667 170.667s76.8 170.667 170.667 170.667 170.667-76.8 170.667-170.667v-85.333h170.667v85.333c0 93.867 76.8 170.667 170.667 170.667s170.667-76.8 170.667-170.667-76.8-170.667-170.667-170.667zM682.667 256c0-46.933 38.4-85.333 85.333-85.333s85.333 38.4 85.333 85.333-38.4 85.333-85.333 85.333h-85.333v-85.333zM341.333 768c0 46.933-38.4 85.333-85.333 85.333s-85.333-38.4-85.333-85.333 38.4-85.333 85.333-85.333h85.333v85.333zM341.333 341.333h-85.333c-46.933 0-85.333-38.4-85.333-85.333s38.4-85.333 85.333-85.333 85.333 38.4 85.333 85.333v85.333zM597.333 597.333h-170.667v-170.667h170.667v170.667zM768 853.333c-46.933 0-85.333-38.4-85.333-85.333v-85.333h85.333c46.933 0 85.333 38.4 85.333 85.333s-38.4 85.333-85.333 85.333z"
        ],
        "attrs": [
          {}
        ],
        "isMulticolor": false,
        "isMulticolor2": false,
        "colorPermutations": {
          "2330123501": [
            {}
          ]
        },
        "tags": [
          "ic_tab_tien_ich"
        ],
        "grid": 0
      },
      "attrs": [
        {}
      ],
      "properties": {
        "order": 508,
        "id": 4,
        "name": "ic_tab_tien_ich",
        "prevSize": 32,
        "code": 59682
      },
      "setIdx": 0,
      "setId": 3,
      "iconIdx": 5
    },
    {
      "icon": {
        "paths": [
          "M941.632 497.12c0 0 20.736-279.776-235.552-311.68-219.712-22.432-286.56 181.728-286.56 181.728s-66.144-63.616-155.936-11.648c-80.32 49.6-66.144 140.416-66.144 140.416s-178.432 34.656-178.432 216.576c4 181.664 193.76 183.488 193.76 183.488h363.232l-160-160h96v-192h128v192h96l-160 160h334.944c0 0 176.64 0.192 201.44-172.64 11.808-188.992-170.752-226.24-170.752-226.24z"
        ],
        "width": 1120,
        "attrs": [
          {}
        ],
        "isMulticolor": false,
        "isMulticolor2": false,
        "colorPermutations": {
          "2330123501": [
            {}
          ]
        },
        "tags": [
          "download"
        ],
        "grid": 0
      },
      "attrs": [
        {}
      ],
      "properties": {
        "order": 410,
        "id": 5,
        "name": "download",
        "prevSize": 32,
        "code": 59698
      },
      "setIdx": 0,
      "setId": 3,
      "iconIdx": 6
    },
    {
      "icon": {
        "paths": [
          "M810.56 314.88l-112 193.984c-17.696 30.592-56.8 41.088-87.424 23.392l-27.68-16 32-55.392c15.296 8.8 34.88 3.584 43.68-11.712l80-138.56c8.832-15.328 3.584-34.88-11.68-43.712l-110.88-64c-15.328-8.832-34.88-3.584-43.68 11.712l-80 138.56c-8.864 15.328-3.616 34.88 11.68 43.712l-32 55.392-27.68-16c-30.624-17.664-41.12-56.8-23.424-87.392l112-193.984c17.696-30.624 56.8-41.088 87.424-23.424l166.24 96c30.624 17.664 41.12 56.8 23.424 87.424zM432 650.56c-15.328-8.832-20.576-28.416-11.712-43.712l128-221.696c8.832-15.328 28.416-20.576 43.712-11.712s20.576 28.416 11.68 43.712l-128 221.696c-8.8 15.296-28.352 20.512-43.68 11.712zM408.576 563.168v0c-15.328-8.832-34.88-3.584-43.712 11.68l-80 138.56c-8.832 15.328-3.584 34.88 11.712 43.712l110.88 64c15.296 8.832 34.88 3.584 43.68-11.712l80-138.56c8.832-15.296 3.584-34.88-11.68-43.712v0l32-55.392 27.68 16c30.624 17.664 41.12 56.768 23.424 87.392l-112 193.984c-17.696 30.624-56.8 41.088-87.424 23.424l-166.272-96c-30.624-17.696-41.12-56.8-23.424-87.424l112-193.984c17.696-30.624 56.832-41.12 87.456-23.424l27.68 16-32 55.456z"
        ],
        "attrs": [
          {}
        ],
        "isMulticolor": false,
        "isMulticolor2": false,
        "colorPermutations": {
          "2330123501": [
            {}
          ]
        },
        "tags": [
          "link"
        ],
        "grid": 0
      },
      "attrs": [
        {}
      ],
      "properties": {
        "order": 409,
        "id": 6,
        "name": "link",
        "prevSize": 32,
        "code": 59699
      },
      "setIdx": 0,
      "setId": 3,
      "iconIdx": 7
    },
    {
      "icon": {
        "paths": [
          "M946.129 310.815c-9.657-10.722-26.178-11.569-36.886-1.912-10.715 9.657-11.569 26.174-1.912 36.89 39.139 43.412 64.429 112.556 64.429 176.156 0 64.185-25.76 133.865-65.63 177.521-9.726 10.653-8.978 27.174 1.672 36.9 5.008 4.572 11.318 6.833 17.607 6.833 7.080 0 14.142-2.863 19.293-8.504 48.169-52.745 79.295-136.251 79.295-212.746 0.003-75.792-30.565-158.667-77.868-211.137z",
          "M875.864 380.423c-9.65-10.726-26.174-11.576-36.886-1.922-10.719 9.65-11.579 26.167-1.926 36.883 21.428 23.789 36.984 68.73 36.984 106.862 0 38.453-15.849 83.715-37.68 107.615-9.73 10.653-8.981 27.174 1.668 36.9 5.008 4.576 11.318 6.836 17.611 6.836 7.080 0 14.139-2.859 19.289-8.501 30.715-33.623 51.352-91.031 51.352-142.85-0.003-42.74-15.587-103.171-50.412-141.823z",
          "M52.237 523.433c0-64.185 25.76-133.862 65.63-177.518 9.726-10.653 8.978-27.17-1.672-36.9-10.646-9.723-27.17-8.981-36.9 1.672-48.169 52.745-79.295 136.251-79.295 212.746 0 75.785 30.565 158.664 77.868 211.137 5.158 5.722 12.269 8.633 19.408 8.633 6.234 0 12.485-2.218 17.478-6.721 10.715-9.657 11.572-26.174 1.912-36.886-39.139-43.423-64.429-112.567-64.429-176.163z",
          "M185.977 378.626c-10.649-9.733-27.167-8.985-36.9 1.668-30.715 33.62-51.352 91.028-51.352 142.85 0 42.74 15.587 103.168 50.412 141.823 5.154 5.725 12.269 8.636 19.411 8.636 6.23 0 12.481-2.218 17.475-6.714 10.719-9.653 11.579-26.174 1.922-36.89-21.428-23.785-36.984-68.723-36.984-106.855 0-38.457 15.849-83.715 37.68-107.615 9.733-10.653 8.985-27.174-1.665-36.904z",
          "M713.094 88.451h-402.195c-43.207 0-78.355 35.152-78.355 78.355v690.388c0 43.203 35.148 78.355 78.355 78.355h402.195c43.203 0 78.355-35.152 78.355-78.355v-690.388c0-43.203-35.148-78.355-78.355-78.355zM310.899 140.687h402.195c14.403 0 26.118 11.715 26.118 26.118v543.025h-454.432v-543.025c0-14.403 11.718-26.118 26.118-26.118zM713.094 883.313h-402.195c-14.403 0-26.118-11.715-26.118-26.118v-95.127h454.432v95.127c0 14.403-11.715 26.118-26.118 26.118z",
          "M540.73 797.178h-57.46c-14.424 0-26.118 11.691-26.118 26.118s11.694 26.118 26.118 26.118h57.46c14.424 0 26.118-11.691 26.118-26.118s-11.694-26.118-26.118-26.118z"
        ],
        "attrs": [
          {},
          {},
          {},
          {},
          {},
          {}
        ],
        "isMulticolor": false,
        "isMulticolor2": false,
        "colorPermutations": {
          "2330123501": [
            {},
            {},
            {},
            {},
            {},
            {}
          ]
        },
        "tags": [
          "vibration-symbol"
        ],
        "grid": 0
      },
      "attrs": [
        {},
        {},
        {},
        {},
        {},
        {}
      ],
      "properties": {
        "order": 328,
        "id": 7,
        "name": "vibration",
        "prevSize": 32,
        "code": 59696
      },
      "setIdx": 0,
      "setId": 3,
      "iconIdx": 8
    },
    {
      "icon": {
        "paths": [
          "M1008.898 731.801c-120.44-120.474-138.564-180.924-138.564-373.401 0-197.94-160.426-358.399-358.331-358.399s-358.331 160.462-358.331 358.399c0 103.782-2.764 142.524-17.050 190.088-17.766 59.256-54.238 115.986-121.532 183.314-32.238 32.256-9.402 87.398 36.2 87.398h284.107l-2.578 25.6c0 98.97 80.214 179.2 179.166 179.2s179.166-80.23 179.166-179.2l-2.578-25.6h284.125c45.62 0 68.456-55.142 36.2-87.398zM512.019 972.798c-70.674 0-127.982-57.326-127.982-128l2.578-25.6h250.778l2.612 25.6c-0.002 70.674-57.312 128-127.986 128zM51.306 767.999c153.566-153.6 153.566-256 153.566-409.599 0-169.642 137.506-307.199 307.131-307.199s307.131 137.558 307.147 307.199c0 153.6 0 256 153.566 409.599h-921.41z"
        ],
        "attrs": [
          {}
        ],
        "isMulticolor": false,
        "isMulticolor2": false,
        "colorPermutations": {
          "2330123501": [
            {}
          ]
        },
        "tags": [
          "ring"
        ],
        "grid": 0
      },
      "attrs": [
        {}
      ],
      "properties": {
        "order": 327,
        "id": 8,
        "name": "ring",
        "prevSize": 32,
        "code": 59697
      },
      "setIdx": 0,
      "setId": 3,
      "iconIdx": 9
    },
    {
      "icon": {
        "paths": [
          "M883.2 226.133c-17.067-17.067-42.667-17.067-59.733 0l-439.467 439.467-183.467-183.467c-17.067-17.067-42.667-17.067-59.733 0s-17.067 42.667 0 59.733l213.333 213.333c8.533 8.533 17.067 12.8 29.867 12.8s21.333-4.267 29.867-12.8l469.333-469.333c17.067-17.067 17.067-42.667 0-59.733z"
        ],
        "attrs": [
          {}
        ],
        "isMulticolor": false,
        "isMulticolor2": false,
        "colorPermutations": {
          "2330123501": [
            {}
          ]
        },
        "tags": [
          "check"
        ],
        "grid": 0
      },
      "attrs": [
        {}
      ],
      "properties": {
        "order": 325,
        "id": 9,
        "name": "check",
        "prevSize": 32,
        "code": 59649
      },
      "setIdx": 0,
      "setId": 3,
      "iconIdx": 10
    },
    {
      "icon": {
        "paths": [
          "M571.733 512l226.133-226.133c17.067-17.067 17.067-42.667 0-59.733s-42.667-17.067-59.733 0l-226.133 226.133-226.133-226.133c-17.067-17.067-42.667-17.067-59.733 0s-17.067 42.667 0 59.733l226.133 226.133-226.133 226.133c-17.067 17.067-17.067 42.667 0 59.733 8.533 8.533 17.067 12.8 29.867 12.8s21.333-4.267 29.867-12.8l226.133-226.133 226.133 226.133c8.533 8.533 21.333 12.8 29.867 12.8s21.333-4.267 29.867-12.8c17.067-17.067 17.067-42.667 0-59.733l-226.133-226.133z"
        ],
        "attrs": [
          {}
        ],
        "isMulticolor": false,
        "isMulticolor2": false,
        "colorPermutations": {
          "2330123501": [
            {}
          ]
        },
        "tags": [
          "x"
        ],
        "grid": 0
      },
      "attrs": [
        {}
      ],
      "properties": {
        "order": 326,
        "id": 10,
        "name": "x",
        "prevSize": 32,
        "code": 59694
      },
      "setIdx": 0,
      "setId": 3,
      "iconIdx": 11
    },
    {
      "icon": {
        "paths": [
          "M658.744 749.256l-210.744-210.746v-282.51h128v229.49l173.256 173.254zM512 0c-282.77 0-512 229.23-512 512s229.23 512 512 512 512-229.23 512-512-229.23-512-512-512zM512 896c-212.078 0-384-171.922-384-384s171.922-384 384-384c212.078 0 384 171.922 384 384s-171.922 384-384 384z"
        ],
        "attrs": [
          {}
        ],
        "isMulticolor": false,
        "isMulticolor2": false,
        "colorPermutations": {
          "2330123501": [
            {}
          ]
        },
        "tags": [
          "clock"
        ],
        "grid": 0
      },
      "attrs": [
        {}
      ],
      "properties": {
        "order": 324,
        "id": 11,
        "name": "clock",
        "prevSize": 32,
        "code": 59695
      },
      "setIdx": 0,
      "setId": 3,
      "iconIdx": 12
    },
    {
      "icon": {
        "paths": [
          "M810.667 128h-85.333v-42.667c0-25.6-17.067-42.667-42.667-42.667s-42.667 17.067-42.667 42.667v42.667h-256v-42.667c0-25.6-17.067-42.667-42.667-42.667s-42.667 17.067-42.667 42.667v42.667h-85.333c-72.533 0-128 55.467-128 128v597.333c0 72.533 55.467 128 128 128h597.333c72.533 0 128-55.467 128-128v-597.333c0-72.533-55.467-128-128-128zM213.333 213.333h85.333v42.667c0 25.6 17.067 42.667 42.667 42.667s42.667-17.067 42.667-42.667v-42.667h256v42.667c0 25.6 17.067 42.667 42.667 42.667s42.667-17.067 42.667-42.667v-42.667h85.333c25.6 0 42.667 17.067 42.667 42.667v128h-682.667v-128c0-25.6 17.067-42.667 42.667-42.667zM810.667 896h-597.333c-25.6 0-42.667-17.067-42.667-42.667v-384h682.667v384c0 25.6-17.067 42.667-42.667 42.667z"
        ],
        "attrs": [
          {}
        ],
        "isMulticolor": false,
        "isMulticolor2": false,
        "colorPermutations": {
          "2330123501": [
            {}
          ],
          "231012330123501": [
            {}
          ]
        },
        "tags": [
          "calendar2"
        ],
        "grid": 0
      },
      "attrs": [
        {}
      ],
      "properties": {
        "order": 257,
        "id": 12,
        "name": "calendar2",
        "prevSize": 32,
        "code": 59685
      },
      "setIdx": 0,
      "setId": 3,
      "iconIdx": 13
    },
    {
      "icon": {
        "paths": [
          "M938.667 430.933c-25.6 0-42.667 17.067-42.667 42.667v38.4c0 213.333-170.667 384-384 384 0 0 0 0 0 0-213.333 0-384-170.667-384-384s170.667-384 384-384c0 0 0 0 0 0 55.467 0 106.667 12.8 157.867 34.133 21.333 8.533 46.933 0 55.467-21.333s0-46.933-21.333-55.467c-59.733-25.6-123.733-42.667-192-42.667 0 0 0 0 0 0-260.267 0-469.333 209.067-469.333 469.333s209.067 469.333 469.333 469.333c0 0 0 0 0 0 260.267 0 469.333-209.067 469.333-469.333v-38.4c0-25.6-17.067-42.667-42.667-42.667z",
          "M413.867 439.467c-17.067-17.067-42.667-17.067-59.733 0s-17.067 42.667 0 59.733l128 128c8.533 8.533 17.067 12.8 29.867 12.8s21.333-4.267 29.867-12.8l426.667-426.667c17.067-17.067 17.067-42.667 0-59.733s-42.667-17.067-59.733 0l-396.8 396.8-98.133-98.133z"
        ],
        "attrs": [
          {},
          {}
        ],
        "isMulticolor": false,
        "isMulticolor2": false,
        "colorPermutations": {
          "2330123501": [
            {},
            {}
          ],
          "231012330123501": [
            {},
            {}
          ]
        },
        "tags": [
          "check-circle"
        ],
        "grid": 0
      },
      "attrs": [
        {},
        {}
      ],
      "properties": {
        "order": 258,
        "id": 13,
        "name": "check-circle",
        "prevSize": 32,
        "code": 59686
      },
      "setIdx": 0,
      "setId": 3,
      "iconIdx": 14
    },
    {
      "icon": {
        "paths": [
          "M891.733 324.267c-4.267-4.267-4.267-8.533-8.533-12.8l-256-256c-4.267-4.267-8.533-8.533-12.8-8.533-4.267-4.267-12.8-4.267-17.067-4.267h-341.333c-72.533 0-128 55.467-128 128v682.667c0 72.533 55.467 128 128 128h512c72.533 0 128-55.467 128-128v-512c0-4.267 0-12.8-4.267-17.067zM640 187.733l110.933 110.933h-110.933v-110.933zM768 896h-512c-25.6 0-42.667-17.067-42.667-42.667v-682.667c0-25.6 17.067-42.667 42.667-42.667h298.667v213.333c0 25.6 17.067 42.667 42.667 42.667h213.333v469.333c0 25.6-17.067 42.667-42.667 42.667z",
          "M682.667 512h-341.333c-25.6 0-42.667 17.067-42.667 42.667s17.067 42.667 42.667 42.667h341.333c25.6 0 42.667-17.067 42.667-42.667s-17.067-42.667-42.667-42.667z",
          "M682.667 682.667h-341.333c-25.6 0-42.667 17.067-42.667 42.667s17.067 42.667 42.667 42.667h341.333c25.6 0 42.667-17.067 42.667-42.667s-17.067-42.667-42.667-42.667z",
          "M341.333 426.667h85.333c25.6 0 42.667-17.067 42.667-42.667s-17.067-42.667-42.667-42.667h-85.333c-25.6 0-42.667 17.067-42.667 42.667s17.067 42.667 42.667 42.667z"
        ],
        "attrs": [
          {},
          {},
          {},
          {}
        ],
        "isMulticolor": false,
        "isMulticolor2": false,
        "colorPermutations": {
          "2330123501": [
            {},
            {},
            {},
            {}
          ],
          "231012330123501": [
            {},
            {},
            {},
            {}
          ]
        },
        "tags": [
          "file-text"
        ],
        "grid": 0
      },
      "attrs": [
        {},
        {},
        {},
        {}
      ],
      "properties": {
        "order": 259,
        "id": 14,
        "name": "file-text",
        "prevSize": 32,
        "code": 59687
      },
      "setIdx": 0,
      "setId": 3,
      "iconIdx": 15
    },
    {
      "icon": {
        "paths": [
          "M512 42.667c-260.267 0-469.333 209.067-469.333 469.333s209.067 469.333 469.333 469.333 469.333-209.067 469.333-469.333-209.067-469.333-469.333-469.333zM512 896c-213.333 0-384-170.667-384-384s170.667-384 384-384c213.333 0 384 170.667 384 384s-170.667 384-384 384z",
          "M512 469.333c-25.6 0-42.667 17.067-42.667 42.667v170.667c0 25.6 17.067 42.667 42.667 42.667s42.667-17.067 42.667-42.667v-170.667c0-25.6-17.067-42.667-42.667-42.667z",
          "M482.133 311.467c-8.533 8.533-12.8 17.067-12.8 29.867s4.267 21.333 12.8 29.867c8.533 8.533 17.067 12.8 29.867 12.8s21.333-4.267 29.867-12.8c8.533-8.533 12.8-17.067 12.8-29.867s-4.267-21.333-12.8-29.867c-17.067-17.067-42.667-17.067-59.733 0z"
        ],
        "attrs": [
          {},
          {},
          {}
        ],
        "isMulticolor": false,
        "isMulticolor2": false,
        "colorPermutations": {
          "2330123501": [
            {},
            {},
            {}
          ],
          "231012330123501": [
            {},
            {},
            {}
          ]
        },
        "tags": [
          "info2"
        ],
        "grid": 0
      },
      "attrs": [
        {},
        {},
        {}
      ],
      "properties": {
        "order": 260,
        "id": 15,
        "name": "info2",
        "prevSize": 32,
        "code": 59688
      },
      "setIdx": 0,
      "setId": 3,
      "iconIdx": 16
    },
    {
      "icon": {
        "paths": [
          "M896 469.333h-768c-25.6 0-42.667 17.067-42.667 42.667s17.067 42.667 42.667 42.667h768c25.6 0 42.667-17.067 42.667-42.667s-17.067-42.667-42.667-42.667z",
          "M128 298.667h768c25.6 0 42.667-17.067 42.667-42.667s-17.067-42.667-42.667-42.667h-768c-25.6 0-42.667 17.067-42.667 42.667s17.067 42.667 42.667 42.667z",
          "M896 725.333h-768c-25.6 0-42.667 17.067-42.667 42.667s17.067 42.667 42.667 42.667h768c25.6 0 42.667-17.067 42.667-42.667s-17.067-42.667-42.667-42.667z"
        ],
        "attrs": [
          {},
          {},
          {}
        ],
        "isMulticolor": false,
        "isMulticolor2": false,
        "colorPermutations": {
          "2330123501": [
            {},
            {},
            {}
          ],
          "231012330123501": [
            {},
            {},
            {}
          ]
        },
        "tags": [
          "menu"
        ],
        "grid": 0
      },
      "attrs": [
        {},
        {},
        {}
      ],
      "properties": {
        "order": 261,
        "id": 16,
        "name": "menu",
        "prevSize": 32,
        "code": 59689
      },
      "setIdx": 0,
      "setId": 3,
      "iconIdx": 17
    },
    {
      "icon": {
        "paths": [
          "M810.667 85.333h-597.333c-72.533 0-128 55.467-128 128v682.667c0 17.067 8.533 34.133 25.6 38.4 4.267 4.267 12.8 4.267 17.067 4.267 12.8 0 21.333-4.267 29.867-12.8l157.867-157.867h494.933c72.533 0 128-55.467 128-128v-426.667c0-72.533-55.467-128-128-128zM853.333 640c0 25.6-17.067 42.667-42.667 42.667h-512c-12.8 0-21.333 4.267-29.867 12.8l-98.133 98.133v-580.267c0-25.6 17.067-42.667 42.667-42.667h597.333c25.6 0 42.667 17.067 42.667 42.667v426.667z"
        ],
        "attrs": [
          {}
        ],
        "isMulticolor": false,
        "isMulticolor2": false,
        "colorPermutations": {
          "2330123501": [
            {}
          ],
          "231012330123501": [
            {}
          ]
        },
        "tags": [
          "message-square"
        ],
        "grid": 0
      },
      "attrs": [
        {}
      ],
      "properties": {
        "order": 265,
        "id": 17,
        "name": "message-square",
        "prevSize": 32,
        "code": 59690
      },
      "setIdx": 0,
      "setId": 3,
      "iconIdx": 18
    },
    {
      "icon": {
        "paths": [
          "M597.333 512c0 47.128-38.205 85.333-85.333 85.333s-85.333-38.205-85.333-85.333c0-47.128 38.205-85.333 85.333-85.333s85.333 38.205 85.333 85.333z",
          "M597.333 213.333c0 47.128-38.205 85.333-85.333 85.333s-85.333-38.205-85.333-85.333c0-47.128 38.205-85.333 85.333-85.333s85.333 38.205 85.333 85.333z",
          "M597.333 810.667c0 47.128-38.205 85.333-85.333 85.333s-85.333-38.205-85.333-85.333c0-47.128 38.205-85.333 85.333-85.333s85.333 38.205 85.333 85.333z"
        ],
        "attrs": [
          {},
          {},
          {}
        ],
        "isMulticolor": false,
        "isMulticolor2": false,
        "colorPermutations": {
          "2330123501": [
            {},
            {},
            {}
          ],
          "231012330123501": [
            {},
            {},
            {}
          ]
        },
        "tags": [
          "more-vertical"
        ],
        "grid": 0
      },
      "attrs": [
        {},
        {},
        {}
      ],
      "properties": {
        "order": 262,
        "id": 18,
        "name": "more-vertical",
        "prevSize": 32,
        "code": 59691
      },
      "setIdx": 0,
      "setId": 3,
      "iconIdx": 19
    },
    {
      "icon": {
        "paths": [
          "M925.867 866.133l-157.867-157.867c51.2-64 85.333-149.333 85.333-238.933 0-213.333-170.667-384-384-384s-384 170.667-384 384c0 213.333 170.667 384 384 384 89.6 0 174.933-29.867 238.933-85.333l157.867 157.867c8.533 8.533 21.333 12.8 29.867 12.8s21.333-4.267 29.867-12.8c17.067-17.067 17.067-42.667 0-59.733zM170.667 469.333c0-166.4 132.267-298.667 298.667-298.667s298.667 132.267 298.667 298.667c0 81.067-34.133 157.867-85.333 209.067 0 0 0 0 0 0s0 0 0 0c-55.467 55.467-128 85.333-209.067 85.333-170.667 4.267-302.933-128-302.933-294.4z"
        ],
        "attrs": [
          {}
        ],
        "isMulticolor": false,
        "isMulticolor2": false,
        "colorPermutations": {
          "2330123501": [
            {}
          ],
          "231012330123501": [
            {}
          ]
        },
        "tags": [
          "search"
        ],
        "grid": 0
      },
      "attrs": [
        {}
      ],
      "properties": {
        "order": 263,
        "id": 19,
        "name": "search2",
        "prevSize": 32,
        "code": 59692
      },
      "setIdx": 0,
      "setId": 3,
      "iconIdx": 20
    },
    {
      "icon": {
        "paths": [
          "M554.667 597.333h-341.333c-119.467 0-213.333 93.867-213.333 213.333v85.333c0 25.6 17.067 42.667 42.667 42.667s42.667-17.067 42.667-42.667v-85.333c0-72.533 55.467-128 128-128h341.333c72.533 0 128 55.467 128 128v85.333c0 25.6 17.067 42.667 42.667 42.667s42.667-17.067 42.667-42.667v-85.333c0-119.467-93.867-213.333-213.333-213.333z",
          "M384 512c119.467 0 213.333-93.867 213.333-213.333s-93.867-213.333-213.333-213.333-213.333 93.867-213.333 213.333 93.867 213.333 213.333 213.333zM384 170.667c72.533 0 128 55.467 128 128s-55.467 128-128 128-128-55.467-128-128 55.467-128 128-128z",
          "M861.867 605.867c-21.333-4.267-46.933 8.533-51.2 29.867s8.533 46.933 29.867 51.2c55.467 12.8 93.867 64 93.867 123.733v85.333c0 25.6 17.067 42.667 42.667 42.667s42.667-17.067 42.667-42.667v-85.333c4.267-98.133-59.733-183.467-157.867-204.8z",
          "M691.2 93.867c-21.333-8.533-42.667 4.267-51.2 29.867-4.267 21.333 8.533 46.933 29.867 51.2 68.267 17.067 110.933 85.333 93.867 157.867-12.8 46.933-46.933 81.067-93.867 93.867-21.333 4.267-38.4 29.867-29.867 51.2 4.267 21.333 21.333 34.133 42.667 34.133 4.267 0 8.533 0 8.533 0 76.8-21.333 136.533-76.8 153.6-153.6 29.867-119.467-38.4-238.933-153.6-264.533z"
        ],
        "attrs": [
          {},
          {},
          {},
          {}
        ],
        "isMulticolor": false,
        "isMulticolor2": false,
        "colorPermutations": {
          "2330123501": [
            {},
            {},
            {},
            {}
          ],
          "231012330123501": [
            {},
            {},
            {},
            {}
          ]
        },
        "tags": [
          "users"
        ],
        "grid": 0
      },
      "attrs": [
        {},
        {},
        {},
        {}
      ],
      "properties": {
        "order": 264,
        "id": 20,
        "name": "users",
        "prevSize": 32,
        "code": 59693
      },
      "setIdx": 0,
      "setId": 3,
      "iconIdx": 21
    },
    {
      "icon": {
        "paths": [
          "M960 506c-3.4-247.4-206.6-445.2-454-442s-445.2 206.6-442 454c3.4 247.4 206.6 445.2 454 442 247.4-3.4 445.4-206.6 442-454zM512 223.8c35.4 0 64 28.6 64 64s-28.6 64-64 64c-35.4 0-64-28.6-64-64s28.6-64 64-64zM600 790h-176v-22h44v-320h-44v-24h132v344h44v22z"
        ],
        "attrs": [
          {}
        ],
        "isMulticolor": false,
        "isMulticolor2": false,
        "colorPermutations": {
          "2330123501": [
            {}
          ],
          "231012330123501": [
            {}
          ]
        },
        "tags": [
          "info"
        ],
        "grid": 0
      },
      "attrs": [
        {}
      ],
      "properties": {
        "order": 256,
        "id": 21,
        "name": "info",
        "prevSize": 32,
        "code": 59684
      },
      "setIdx": 0,
      "setId": 3,
      "iconIdx": 22
    },
    {
      "icon": {
        "paths": [
          "M605.867 857.6c-21.333-12.8-46.933-4.267-59.733 17.067s-38.4 25.6-59.733 17.067c-8.533-4.267-12.8-8.533-17.067-17.067-12.8-21.333-38.4-25.6-59.733-17.067-21.333 12.8-25.6 38.4-17.067 59.733 12.8 21.333 25.6 34.133 46.933 46.933s42.667 17.067 64 17.067c42.667 0 85.333-21.333 110.933-64 21.333-21.333 12.8-46.933-8.533-59.733z",
          "M938.667 682.667c-46.933 0-85.333-38.4-85.333-85.333v-213.333c0-187.733-153.6-341.333-341.333-341.333s-341.333 153.6-341.333 341.333v213.333c0 46.933-38.4 85.333-85.333 85.333-25.6 0-42.667 17.067-42.667 42.667s17.067 42.667 42.667 42.667h853.333c25.6 0 42.667-17.067 42.667-42.667s-17.067-42.667-42.667-42.667zM234.667 682.667c12.8-25.6 21.333-55.467 21.333-85.333v-213.333c0-140.8 115.2-256 256-256s256 115.2 256 256v213.333c0 29.867 8.533 59.733 21.333 85.333h-554.667z"
        ],
        "attrs": [
          {},
          {}
        ],
        "isMulticolor": false,
        "isMulticolor2": false,
        "colorPermutations": {
          "2330123501": [
            {},
            {}
          ]
        },
        "tags": [
          "tab_home"
        ],
        "grid": 0
      },
      "attrs": [
        {},
        {}
      ],
      "properties": {
        "order": 255,
        "id": 22,
        "name": "home",
        "prevSize": 32,
        "code": 59655
      },
      "setIdx": 0,
      "setId": 3,
      "iconIdx": 23
    },
    {
      "icon": {
        "paths": [
          "M213.6 416c-69 0-125 55.2-125 123.8s55.8 123.8 125 123.8c69 0 125-55.2 125-123.8s-56.4-123.8-125-123.8zM151 539.8c-0.2-34.2 28-62 62.6-62 34.4 0 62.6 28 62.6 62s-28.2 62-62.6 62-62.6-28-62.6-62z",
          "M518 416c-69 0-125 55.2-125 123.8s55.8 123.8 125 123.8c69 0 125-55.2 125-123.8s-56.4-123.8-125-123.8zM455.4 539.8c-0.2-34.2 28-62 62.6-62 34.4 0 62.6 28 62.6 62s-28.2 62-62.6 62-62.6-28-62.6-62z",
          "M810 414c-69 0-125 55.2-125 123.8s55.8 123.8 125 123.8c69 0 125-55.2 125-123.8s-56.4-123.8-125-123.8zM747.4 537.8c-0.2-34.2 28-62 62.6-62 34.4 0 62.6 28 62.6 62s-28.2 62-62.6 62-62.6-28-62.6-62z"
        ],
        "attrs": [
          {},
          {},
          {}
        ],
        "isMulticolor": false,
        "isMulticolor2": false,
        "colorPermutations": {
          "2330123501": [
            {},
            {},
            {}
          ],
          "231012330123501": [
            {},
            {},
            {}
          ]
        },
        "tags": [
          "tab_more (2)"
        ],
        "grid": 0
      },
      "attrs": [
        {},
        {},
        {}
      ],
      "properties": {
        "order": 254,
        "id": 23,
        "name": "three-dot",
        "prevSize": 32,
        "code": 59671
      },
      "setIdx": 0,
      "setId": 3,
      "iconIdx": 24
    },
    {
      "icon": {
        "paths": [
          "M512 640c0-35.346 28.654-64 64-64s64 28.654 64 64c0 35.346-28.654 64-64 64s-64-28.654-64-64zM928.032 416c-0.032 0-0.032 0 0 0l-0.032-192v-96c0-53.024-43.008-96-96-96h-656c-97.056 0-176 78.976-176 176v640c0 97.024 78.944 176 176 176h576c97.024 0 176-78.976 176-176v-48c0 0 0 0 0.032 0 127.936-96.032 127.936-287.968 0-384zM176 96h656c17.632 0 32 14.336 32 32v197.888c-10.048-3.584-20.736-5.888-32-5.888h-0.032v-160c0-17.696-14.336-32-32-32h-672c-17.664 0-32 14.304-32 32v126.176c-19.744-20.192-31.968-47.712-31.968-78.176 0-61.856 50.112-112 112-112zM799.968 192h-672v-32h672v32zM799.968 224v32h-672v-32h672zM799.968 288v32h-623.968c-17.28 0-33.408-4.224-48-11.2v-20.8h671.968zM864 848c0 61.856-50.144 112-112 112h-576c-61.888 0-112-50.144-112-112v-504.352c30.432 25.184 69.472 40.352 112 40.352h656c17.632 0 32 14.336 32 32v64h-288c-88.384 0-160 71.616-160 160s71.648 160 160 160h288v48zM904.864 736h-328.864c-52.928 0-96-43.072-96-96s43.072-96 96-96h288c19.744-0.256 39.328-9.824 51.264-25.728 3.328-4.48 5.92-9.504 8-14.752 0.288-0.704 0.8-1.248 1.056-1.984 23.008 30.176 35.68 67.168 35.68 106.464 0 49.216-19.872 94.88-55.136 128z"
        ],
        "attrs": [
          {}
        ],
        "isMulticolor": false,
        "isMulticolor2": false,
        "colorPermutations": {
          "2330123501": [
            {}
          ]
        },
        "tags": [
          "tab_request (2)"
        ],
        "grid": 0
      },
      "attrs": [
        {}
      ],
      "properties": {
        "order": 252,
        "id": 24,
        "name": "message",
        "prevSize": 32,
        "code": 59674,
        "codes": [
          59674,
          59682,
          59683
        ]
      },
      "setIdx": 0,
      "setId": 3,
      "iconIdx": 25
    },
    {
      "icon": {
        "paths": [
          "M768.743 760.335l-1.438-760.017-760.017-1.431 761.455 761.448z"
        ],
        "width": 767.5,
        "attrs": [
          {}
        ],
        "isMulticolor": false,
        "isMulticolor2": false,
        "colorPermutations": {
          "2330123501": [
            {}
          ],
          "231012330123501": [
            {}
          ]
        },
        "tags": [
          "triangle"
        ],
        "grid": 0
      },
      "attrs": [
        {}
      ],
      "properties": {
        "order": 247,
        "id": 25,
        "name": "triangle",
        "prevSize": 32,
        "code": 59681
      },
      "setIdx": 0,
      "setId": 3,
      "iconIdx": 26
    },
    {
      "icon": {
        "paths": [
          "M337.152 756.896v-23.904c0 0 0-0.032 0-0.032 0-8.576-3.552-16.288-9.248-21.824v0c-5.568-5.472-13.216-8.832-21.632-8.832-0.224 0-0.448 0-0.672 0h-1.472c-0.224 0-0.48 0-0.736 0-17.024 0-30.816 13.792-30.816 30.816 0 0.064 0 0.096 0 0.16v0 23.808c-21.248 1.312-38.016 18.848-38.016 40.32 0 0.032 0 0.064 0 0.064v0l0.352 197.376c0 0 0 0 0 0 0 22.624 18.080 41.024 40.576 41.536h59.040c22.528-0.512 40.608-18.912 40.608-41.536 0-0.032 0-0.032 0-0.064v0-196.864c0-0.032 0-0.032 0-0.064 0-21.6-16.704-39.296-37.888-40.928h-0.128z",
          "M789.12 408.672l-84.896-118.528c-17.888-22.528-44.704-37.344-75.008-39.040h-28.928c38.816-23.808 64.288-66.016 64.288-114.176 0-0.352 0-0.736 0-1.088v0.064c0-75.136-60.896-136.032-136.032-136.032s-136.032 60.896-136.032 136.032v0c0 0.288 0 0.608 0 0.928 0 48.192 25.504 90.4 63.712 113.92l0.576 0.32h-28.64c-30.624 1.664-57.472 16.48-75.232 38.816l-0.16 0.224-84.768 118.304c-8.032 12.064-12.832 26.912-12.832 42.848 0 14.592 4 28.256 10.976 39.936l-0.192-0.352 64 99.232c15.104 21.408 38.304 36.224 65.088 39.968l0.512 0.064c5.984 11.168 15.104 20 26.208 25.44l0.352 0.16 0.416 293.984c0.032 47.584 38.336 86.176 85.792 86.752h40.768c47.488-0.544 85.792-39.168 85.792-86.752v0l0.256-293.472c11.392-5.664 20.48-14.464 26.336-25.28l0.16-0.32c27.264-3.84 50.496-18.72 65.376-39.84l0.192-0.288 64-99.232c6.816-11.328 10.816-25.024 10.816-39.616 0-16-4.832-30.88-13.088-43.264l0.192 0.288zM388.064 522.624l-26.112-37.408c-4.064-6.368-6.464-14.112-6.464-22.432 0-9.472 3.136-18.24 8.416-25.28l-0.064 0.096 24.224-28.832zM528.608 521.6l-52.256-31.232 21.92-180.736h60.64l21.984 180.736zM695.008 485.216l-27.008 37.408v-108.512l23.296 25.184c5.92 6.752 9.536 15.648 9.536 25.408 0 7.616-2.208 14.688-5.984 20.672l0.096-0.16z"
        ],
        "attrs": [
          {},
          {}
        ],
        "isMulticolor": false,
        "isMulticolor2": false,
        "colorPermutations": {
          "2330123501": [
            {},
            {}
          ],
          "231012330123501": [
            {},
            {}
          ]
        },
        "tags": [
          "business-man"
        ],
        "grid": 0
      },
      "attrs": [
        {},
        {}
      ],
      "properties": {
        "order": 210,
        "id": 26,
        "name": "business-man",
        "prevSize": 32,
        "code": 59651
      },
      "setIdx": 0,
      "setId": 3,
      "iconIdx": 27
    },
    {
      "icon": {
        "paths": [
          "M128 320.032v576.032h768v-576.032zM832.032 128h128c1.152-0.064 2.496-0.128 3.872-0.128 33.28 0 60.224 26.976 60.224 60.224 0 1.376-0.032 2.752-0.128 4.096v-0.192 768c0.064 1.152 0.128 2.496 0.128 3.872 0 33.28-26.976 60.224-60.224 60.224-1.344 0-2.688-0.032-4.032-0.128h-895.808c-1.184 0.096-2.528 0.128-3.904 0.128-33.28 0-60.224-26.976-60.224-60.224 0-1.344 0.032-2.72 0.128-4.032v0.192-768c-0.096-1.184-0.128-2.528-0.128-3.936 0-33.28 26.976-60.224 60.224-60.224 1.376 0 2.752 0.032 4.096 0.128h127.808v-63.968c-0.096-1.184-0.128-2.528-0.128-3.904 0-33.28 26.976-60.224 60.224-60.224 1.344 0 2.72 0.032 4.032 0.128h-0.192c1.184-0.096 2.528-0.128 3.936-0.128 33.28 0 60.224 26.976 60.224 60.224 0 1.376-0.032 2.752-0.128 4.096v-0.192 63.968h384v-63.968c1.088-34.496 29.312-62.080 64-62.080s62.912 27.552 64 61.952v0.096zM768 768h-128v-128h128zM576.032 768h-128v-128h128zM768 576.032h-128v-128h128zM576.032 576.032h-128v-128h128zM384 768h-128v-128h128z"
        ],
        "attrs": [
          {}
        ],
        "isMulticolor": false,
        "isMulticolor2": false,
        "colorPermutations": {
          "2330123501": [
            {}
          ],
          "231012330123501": [
            {}
          ]
        },
        "tags": [
          "calendar"
        ],
        "grid": 0
      },
      "attrs": [
        {}
      ],
      "properties": {
        "order": 211,
        "id": 27,
        "name": "calendar",
        "prevSize": 32,
        "code": 59652
      },
      "setIdx": 0,
      "setId": 3,
      "iconIdx": 28
    },
    {
      "icon": {
        "paths": [
          "M1020.768 0h-1018.976c-1.28 0-2.56 2.464-1.28 6.208l399.616 543.232v474.528l224.832-82.4v-392.032l399.552-543.328v-2.464q-1.792-3.744-3.744-3.744z"
        ],
        "attrs": [
          {}
        ],
        "isMulticolor": false,
        "isMulticolor2": false,
        "colorPermutations": {
          "2330123501": [
            {}
          ],
          "231012330123501": [
            {}
          ]
        },
        "tags": [
          "filter"
        ],
        "grid": 0
      },
      "attrs": [
        {}
      ],
      "properties": {
        "order": 212,
        "id": 28,
        "name": "filter",
        "prevSize": 32,
        "code": 59653
      },
      "setIdx": 0,
      "setId": 3,
      "iconIdx": 29
    },
    {
      "icon": {
        "paths": [
          "M497.792 588.32l-407.488 407.488-90.272-90.72 407.488-407.488-407.488-407.104 90.496-90.496 407.488 407.488 407.488-407.488 90.528 90.496-407.488 407.488 407.488 407.488-90.528 90.528z"
        ],
        "attrs": [
          {}
        ],
        "isMulticolor": false,
        "isMulticolor2": false,
        "colorPermutations": {
          "2330123501": [
            {}
          ],
          "231012330123501": [
            {}
          ]
        },
        "tags": [
          "no"
        ],
        "grid": 0
      },
      "attrs": [
        {}
      ],
      "properties": {
        "order": 214,
        "id": 29,
        "name": "no",
        "prevSize": 32,
        "code": 59656
      },
      "setIdx": 0,
      "setId": 3,
      "iconIdx": 30
    },
    {
      "icon": {
        "paths": [
          "M864 0c88.352 0 160 71.648 160 160 0 36.032-11.904 69.248-32 96l-64 64-224-224 64-64c26.752-20.096 59.968-32 96-32zM64 736l-64 288 288-64 592-592-224-224-592 592zM715.584 363.584l-448 448-55.168-55.168 448-448 55.168 55.168z"
        ],
        "attrs": [
          {}
        ],
        "isMulticolor": false,
        "isMulticolor2": false,
        "colorPermutations": {
          "2330123501": [
            {}
          ],
          "231012330123501": [
            {}
          ]
        },
        "tags": [
          "pencil"
        ],
        "grid": 0
      },
      "attrs": [
        {}
      ],
      "properties": {
        "order": 215,
        "id": 30,
        "name": "pencil",
        "prevSize": 32,
        "code": 59657
      },
      "setIdx": 0,
      "setId": 3,
      "iconIdx": 31
    },
    {
      "icon": {
        "paths": [
          "M736 0h-448c-52.8 0-96 43.2-96 96v832c0 52.8 43.2 96 96 96h448c52.8 0 96-43.2 96-96v-832c0-52.8-43.2-96-96-96zM384 48h256v32h-256v-32zM512 960c-35.36 0-64-28.64-64-64s28.64-64 64-64 64 28.64 64 64-28.64 64-64 64zM768 768h-512v-640h512v640z"
        ],
        "attrs": [
          {}
        ],
        "isMulticolor": false,
        "isMulticolor2": false,
        "colorPermutations": {
          "2330123501": [
            {}
          ],
          "231012330123501": [
            {}
          ]
        },
        "tags": [
          "phone"
        ],
        "grid": 0
      },
      "attrs": [
        {}
      ],
      "properties": {
        "order": 216,
        "id": 31,
        "name": "phone",
        "prevSize": 32,
        "code": 59661
      },
      "setIdx": 0,
      "setId": 3,
      "iconIdx": 32
    },
    {
      "icon": {
        "paths": [
          "M512 341.333c-93.867 0-170.667 76.8-170.667 170.667s76.8 170.667 170.667 170.667c93.867 0 170.667-76.8 170.667-170.667s-76.8-170.667-170.667-170.667zM512 597.333c-46.933 0-85.333-38.4-85.333-85.333s38.4-85.333 85.333-85.333c46.933 0 85.333 38.4 85.333 85.333s-38.4 85.333-85.333 85.333z",
          "M866.133 657.067c4.267-8.533 12.8-17.067 29.867-17.067 72.533 0 128-55.467 128-128s-55.467-128-128-128h-8.533c-8.533 0-17.067-4.267-21.333-12.8 0-4.267 0-4.267-4.267-8.533-4.267-8.533-4.267-21.333 8.533-34.133 51.2-51.2 51.2-132.267 0-179.2v0c0 0 0 0 0 0-25.6-25.6-55.467-38.4-89.6-38.4 0 0 0 0 0 0-34.133 0-68.267 12.8-93.867 38.4-8.533 8.533-21.333 8.533-29.867 4.267-8.533 0-17.067-12.8-17.067-25.6 0-72.533-55.467-128-128-128s-128 55.467-128 128v8.533c0 8.533-4.267 17.067-12.8 21.333-4.267 0-4.267 0-8.533 4.267-8.533 4.267-21.333 0-34.133-8.533-51.2-51.2-132.267-51.2-179.2 0-51.2 51.2-51.2 132.267 4.267 183.467 8.533 8.533 8.533 21.333 4.267 34.133-4.267 8.533-17.067 17.067-29.867 17.067-72.533 0-128 55.467-128 128s55.467 128 128 128h8.533c12.8 0 21.333 8.533 25.6 17.067s4.267 21.333-8.533 34.133c-25.6 25.6-38.4 55.467-38.4 89.6s12.8 64 38.4 89.6c0 0 0 0 0 0 51.2 51.2 132.267 51.2 183.467-4.267 8.533-8.533 21.333-8.533 34.133-4.267s17.067 12.8 17.067 29.867c0 72.533 55.467 128 128 128s128-55.467 128-128v-8.533c0-12.8 8.533-21.333 17.067-25.6s21.333-4.267 34.133 8.533c51.2 51.2 132.267 51.2 179.2 0 51.2-51.2 51.2-132.267-4.267-183.467-4.267-8.533-8.533-21.333-4.267-29.867 0 0 0 0 0 0zM789.333 622.933c-17.067 42.667-8.533 89.6 25.6 128 8.533 8.533 12.8 17.067 12.8 29.867s-4.267 21.333-12.8 29.867c-8.533 8.533-17.067 12.8-29.867 12.8 0 0 0 0 0 0-12.8 0-21.333-4.267-34.133-17.067-34.133-34.133-81.067-42.667-123.733-21.333-42.667 17.067-68.267 59.733-68.267 102.4v8.533c0 25.6-17.067 42.667-42.667 42.667s-42.667-17.067-42.667-42.667c0 0 0-4.267 0-4.267 0-46.933-29.867-85.333-72.533-102.4-12.8-8.533-29.867-8.533-46.933-8.533-29.867 0-59.733 12.8-81.067 34.133-17.067 17.067-42.667 17.067-59.733 0 0 0 0 0 0 0v0c-8.533-8.533-12.8-17.067-12.8-29.867s4.267-21.333 17.067-34.133c34.133-34.133 42.667-81.067 21.333-123.733-17.067-42.667-59.733-68.267-102.4-68.267h-8.533c-25.6 0-42.667-17.067-42.667-42.667s17.067-42.667 42.667-42.667c0 0 4.267 0 4.267 0 46.933 0 85.333-29.867 102.4-72.533s8.533-89.6-25.6-128c-17.067-17.067-17.067-42.667 0-59.733s42.667-17.067 64 4.267c29.867 29.867 76.8 38.4 115.2 25.6 4.267 0 8.533 0 12.8-4.267 42.667-17.067 68.267-59.733 68.267-102.4v-8.533c0-25.6 17.067-42.667 42.667-42.667s42.667 17.067 42.667 46.933c0 46.933 25.6 85.333 68.267 102.4s89.6 8.533 128-25.6c8.533-8.533 17.067-12.8 29.867-12.8v0c12.8 0 21.333 4.267 29.867 12.8 0 0 0 0 0 0 17.067 17.067 17.067 42.667-4.267 64-29.867 29.867-38.4 76.8-25.6 115.2 0 4.267 0 8.533 4.267 12.8 17.067 42.667 59.733 68.267 102.4 68.267h8.533c25.6 0 42.667 17.067 42.667 42.667s-17.067 42.667-46.933 42.667c-42.667 0-85.333 25.6-102.4 68.267z"
        ],
        "attrs": [
          {},
          {}
        ],
        "isMulticolor": false,
        "isMulticolor2": false,
        "colorPermutations": {
          "2330123501": [
            {},
            {}
          ]
        },
        "tags": [
          "setting"
        ],
        "grid": 0
      },
      "attrs": [
        {},
        {}
      ],
      "properties": {
        "order": 217,
        "id": 32,
        "name": "setting",
        "prevSize": 32,
        "code": 59662
      },
      "setIdx": 0,
      "setId": 3,
      "iconIdx": 33
    },
    {
      "icon": {
        "paths": [
          "M640 146.592v135.968c36.192 15.808 69.504 38.4 98.272 67.168 60.448 60.448 93.728 140.8 93.728 226.272s-33.28 165.824-93.728 226.272c-60.448 60.448-140.8 93.728-226.272 93.728s-165.824-33.28-226.272-93.728c-60.448-60.448-93.728-140.8-93.728-226.272s33.28-165.824 93.728-226.272c28.768-28.768 62.080-51.392 98.272-67.168v-135.968c-185.056 55.072-320 226.464-320 429.408 0 247.424 200.576 448 448 448s448-200.576 448-448c0-202.944-134.944-374.336-320-429.408zM448 0h128v512h-128z"
        ],
        "attrs": [
          {}
        ],
        "isMulticolor": false,
        "isMulticolor2": false,
        "colorPermutations": {
          "2330123501": [
            {}
          ],
          "231012330123501": [
            {}
          ]
        },
        "tags": [
          "switch"
        ],
        "grid": 0
      },
      "attrs": [
        {}
      ],
      "properties": {
        "order": 218,
        "id": 33,
        "name": "switch",
        "prevSize": 32,
        "code": 59665
      },
      "setIdx": 0,
      "setId": 3,
      "iconIdx": 34
    },
    {
      "icon": {
        "paths": [
          "M665.824 327.040l-64.96-64.928-324.8 324.736c-53.824 53.792-53.824 141.056 0 194.848s141.056 53.792 194.88 0l389.76-389.696c89.728-89.664 89.728-235.072 0-324.736-89.664-89.696-235.104-89.696-324.768 0l-409.216 409.184c-0.288 0.288-0.608 0.576-0.864 0.832-125.088 125.088-125.088 327.84 0 452.896 125.056 125.056 327.872 125.056 452.992 0 0.288-0.288 0.512-0.576 0.832-0.864l0.032 0.032 279.328-279.296-64.992-64.928-279.328 279.264c-0.288 0.256-0.576 0.576-0.832 0.832-89.088 89.056-233.984 89.056-323.072 0-89.056-89.056-89.056-233.92 0-322.976 0.32-0.288 0.608-0.576 0.896-0.832l-0.032-0.064 409.28-409.152c53.696-53.728 141.152-53.728 194.88 0s53.696 141.152 0 194.848l-389.76 389.696c-17.92 17.92-47.040 17.92-64.96 0-17.888-17.888-17.888-47.040 0-64.928l324.8-324.768z"
        ],
        "attrs": [
          {}
        ],
        "isMulticolor": false,
        "isMulticolor2": false,
        "colorPermutations": {
          "2330123501": [
            {}
          ],
          "231012330123501": [
            {}
          ]
        },
        "tags": [
          "attachment"
        ],
        "grid": 0
      },
      "attrs": [
        {}
      ],
      "properties": {
        "order": 219,
        "id": 34,
        "name": "attachment",
        "prevSize": 32,
        "code": 59668
      },
      "setIdx": 0,
      "setId": 3,
      "iconIdx": 35
    },
    {
      "icon": {
        "paths": [
          "M640 576c105.856 0 201.856 43.072 271.392 112.608l-90.464 90.464c-46.368-46.368-110.368-75.072-180.928-75.072s-134.592 28.704-180.928 75.072l-90.464-90.464c69.536-69.536 165.536-112.608 271.392-112.608zM187.456 507.456c120.864-120.864 281.6-187.456 452.544-187.456s331.68 66.56 452.544 187.456l-90.496 90.496c-96.704-96.704-225.28-149.952-362.048-149.952s-265.344 53.248-362.048 149.952l-90.496-90.496zM988.768 134.432c106.688 45.12 202.528 109.728 284.768 192v0l-90.496 90.496c-145.056-145.056-337.92-224.928-543.072-224.928s-398.016 79.872-543.072 224.928l-90.496-90.496c82.272-82.272 178.080-146.848 284.768-192 110.496-46.752 227.84-70.432 348.768-70.432s238.272 23.712 348.768 70.432zM576 896c0-35.36 28.64-64 64-64s64 28.64 64 64c0 35.36-28.64 64-64 64s-64-28.64-64-64z"
        ],
        "width": 1280,
        "attrs": [
          {}
        ],
        "isMulticolor": false,
        "isMulticolor2": false,
        "colorPermutations": {
          "2330123501": [
            {}
          ],
          "231012330123501": [
            {}
          ]
        },
        "tags": [
          "connection"
        ],
        "grid": 0
      },
      "attrs": [
        {}
      ],
      "properties": {
        "order": 220,
        "id": 35,
        "name": "connection",
        "prevSize": 32,
        "code": 59670
      },
      "setIdx": 0,
      "setId": 3,
      "iconIdx": 36
    },
    {
      "icon": {
        "paths": [
          "M512 0c-282.784 0-512 71.648-512 160v128c0 88.352 229.216 160 512 160s512-71.648 512-160v-128c0-88.352-229.216-160-512-160z",
          "M512 544c-282.784 0-512-71.648-512-160v192c0 88.352 229.216 160 512 160s512-71.648 512-160v-192c0 88.352-229.216 160-512 160z",
          "M512 832c-282.784 0-512-71.648-512-160v192c0 88.352 229.216 160 512 160s512-71.648 512-160v-192c0 88.352-229.216 160-512 160z"
        ],
        "attrs": [
          {},
          {},
          {}
        ],
        "isMulticolor": false,
        "isMulticolor2": false,
        "colorPermutations": {
          "2330123501": [
            {},
            {},
            {}
          ],
          "231012330123501": [
            {},
            {},
            {}
          ]
        },
        "tags": [
          "database"
        ],
        "grid": 0
      },
      "attrs": [
        {},
        {},
        {}
      ],
      "properties": {
        "order": 221,
        "id": 36,
        "name": "database",
        "prevSize": 32,
        "code": 59672
      },
      "setIdx": 0,
      "setId": 3,
      "iconIdx": 37
    },
    {
      "icon": {
        "paths": [
          "M959.872 128c0.032 0.032 0.096 0.064 0.128 0.128v767.776c-0.032 0.032-0.064 0.096-0.128 0.128h-895.776c-0.032-0.032-0.096-0.064-0.128-0.128v-767.776c0.032-0.032 0.064-0.096 0.128-0.128h895.776zM960 64h-896c-35.2 0-64 28.8-64 64v768c0 35.2 28.8 64 64 64h896c35.2 0 64-28.8 64-64v-768c0-35.2-28.8-64-64-64v0z",
          "M832 288c0 53.024-42.976 96-96 96s-96-42.976-96-96 42.976-96 96-96 96 42.976 96 96z",
          "M896 832h-768v-128l224-384 256 320h64l224-192z"
        ],
        "attrs": [
          {},
          {},
          {}
        ],
        "isMulticolor": false,
        "isMulticolor2": false,
        "colorPermutations": {
          "2330123501": [
            {},
            {},
            {}
          ],
          "231012330123501": [
            {},
            {},
            {}
          ]
        },
        "tags": [
          "image"
        ],
        "grid": 0
      },
      "attrs": [
        {},
        {},
        {}
      ],
      "properties": {
        "order": 222,
        "id": 37,
        "name": "image",
        "prevSize": 32,
        "code": 59675
      },
      "setIdx": 0,
      "setId": 3,
      "iconIdx": 38
    },
    {
      "icon": {
        "paths": [
          "M427.4 512v0 0l334.4 348.2c8.4 8.6 8.2 22.8-0.4 31.6l-59.8 61.2c-8.6 8.8-22.6 9-31 0.4l-408.4-425.4c-4.4-4.4-6.4-10.4-6-16.2-0.2-6 1.8-11.8 6-16.2l408.4-425.2c8.4-8.6 22.4-8.4 31 0.4l59.8 61.2c8.6 8.8 8.8 23 0.4 31.6l-334.4 348.4z"
        ],
        "attrs": [
          {}
        ],
        "isMulticolor": false,
        "isMulticolor2": false,
        "colorPermutations": {
          "2330123501": [
            {}
          ],
          "231012330123501": [
            {}
          ]
        },
        "tags": [
          "arrow-left"
        ],
        "grid": 0
      },
      "attrs": [
        {}
      ],
      "properties": {
        "order": 223,
        "id": 38,
        "name": "arrow",
        "prevSize": 32,
        "code": 59676
      },
      "setIdx": 0,
      "setId": 3,
      "iconIdx": 39
    },
    {
      "icon": {
        "paths": [
          "M596.6 512v0 0l-334.4-348.2c-8.4-8.6-8.2-22.8 0.4-31.6l59.8-61.2c8.6-8.8 22.6-9 31-0.4l408.4 425.4c4.4 4.4 6.4 10.4 6 16.2 0.2 6-1.8 11.8-6 16.2l-408.4 425.2c-8.4 8.6-22.4 8.4-31-0.4l-59.8-61.2c-8.6-8.8-8.8-23-0.4-31.6l334.4-348.4z"
        ],
        "attrs": [
          {}
        ],
        "isMulticolor": false,
        "isMulticolor2": false,
        "colorPermutations": {
          "2330123501": [
            {}
          ],
          "231012330123501": [
            {}
          ]
        },
        "tags": [
          "arrow-right"
        ],
        "grid": 0
      },
      "attrs": [
        {}
      ],
      "properties": {
        "order": 224,
        "id": 39,
        "prevSize": 32,
        "code": 59677,
        "name": "arrow-right"
      },
      "setIdx": 0,
      "setId": 3,
      "iconIdx": 40
    },
    {
      "icon": {
        "paths": [
          "M512 427.4v0 0l-348.2 334.4c-8.6 8.4-22.8 8.2-31.6-0.4l-61.2-59.8c-8.8-8.6-9-22.6-0.4-31l425.4-408.4c4.4-4.4 10.4-6.4 16.2-6 6-0.2 11.8 1.8 16.2 6l425.2 408.4c8.6 8.4 8.4 22.4-0.4 31l-61.2 59.8c-8.8 8.6-23 8.8-31.6 0.4l-348.4-334.4z"
        ],
        "attrs": [
          {}
        ],
        "isMulticolor": false,
        "isMulticolor2": false,
        "colorPermutations": {
          "2330123501": [
            {}
          ],
          "231012330123501": [
            {}
          ]
        },
        "tags": [
          "arrow-up"
        ],
        "grid": 0
      },
      "attrs": [
        {}
      ],
      "properties": {
        "order": 225,
        "id": 40,
        "prevSize": 32,
        "code": 59678,
        "name": "arrow-up"
      },
      "setIdx": 0,
      "setId": 3,
      "iconIdx": 41
    },
    {
      "icon": {
        "paths": [
          "M512 596.6v0 0l348.2-334.4c8.6-8.4 22.8-8.2 31.6 0.4l61.2 59.8c8.8 8.6 9 22.6 0.4 31l-425.4 408.4c-4.4 4.4-10.4 6.4-16.2 6-6 0.2-11.8-1.8-16.2-6l-425.2-408.4c-8.6-8.4-8.4-22.4 0.4-31l61.2-59.8c8.8-8.6 23-8.8 31.6-0.4l348.4 334.4z"
        ],
        "attrs": [
          {}
        ],
        "isMulticolor": false,
        "isMulticolor2": false,
        "colorPermutations": {
          "2330123501": [
            {}
          ],
          "231012330123501": [
            {}
          ]
        },
        "tags": [
          "arrow-down"
        ],
        "grid": 0
      },
      "attrs": [
        {}
      ],
      "properties": {
        "order": 226,
        "id": 41,
        "prevSize": 32,
        "code": 59679,
        "name": "arrow-down"
      },
      "setIdx": 0,
      "setId": 3,
      "iconIdx": 42
    },
    {
      "icon": {
        "paths": [
          "M920.736 1023.904h-34.336c-2.208-0.288-4.416-0.64-6.592-1.024-8.768-1.6-16.512-3.84-23.904-6.72l0.896 0.288c-15.84-6.080-29.44-14.688-40.992-25.504l0.064 0.064c-16.608-15.616-32.992-32.064-48.832-47.936v0 0l-0.192-0.192c-7.648-7.648-14.496-14.528-21.376-21.376-0.448-0.512-0.864-1.12-1.28-1.728l-0.064-0.064v-0.128l4.896-5.792c2.496-2.944 5.088-6.048 7.584-9.024 14.24-16.416 22.912-38.016 22.912-61.6 0-19.232-5.76-37.088-15.616-52l0.224 0.352c-4.992-7.392-10.688-13.792-17.12-19.328l-0.128-0.096c-2.144-1.824-4.48-3.488-6.752-5.056v0c-2.016-1.408-4.032-2.88-6.048-4.448-1.536-1.312-2.592-3.2-2.816-5.312v-0.032c0.032-0.832 0.032-1.792 0.032-2.784 0-18.528-5.056-35.872-13.856-50.72l0.256 0.448v-0.16l-0.224-0.352v-0.288c-5.312-7.84-11.552-14.56-18.656-20.192l-0.192-0.128c-7.744-6.112-16.64-11.296-26.176-15.2l-0.736-0.256c-1.504-0.512-2.72-1.504-3.488-2.784v-0.032c-0.48-0.96-0.8-2.048-0.896-3.232v-0.032c-1.44-12.64-5.312-24.128-11.104-34.368l0.224 0.448v-0.128c-8.352-14.688-19.968-26.624-33.92-35.136l-0.416-0.256c-13.632-8.384-30.144-13.408-47.808-13.472h-0.032c-3.392 0-6.72 0.192-10.016 0.576l0.416-0.032c-0.192 0-0.448 0.032-0.704 0.032s-0.48 0-0.736-0.032h0.032c-2.592 0-4.864-1.44-6.048-3.584l-0.032-0.032c-4.48-6.208-9.088-12.128-13.984-18.176l-0.352-0.448-5.376-6.816c2.048-1.184 3.808-2.368 5.472-3.648l-0.096 0.096 3.808-3.232c8.64-7.328 17.568-14.912 26.24-22.624 4.032-3.712 8.192-7.52 12.128-11.264v0 0 0c4.128-3.904 8.832-8.384 13.504-12.48 2.176-1.824 4.992-3.008 8.032-3.168h0.032c12.128-0.128 24.224-0.128 36.064-0.128h0.928c10.112 0 20.384 0 30.592 0h0.384c0 0 0 0 0 0 3.424 0 6.496 1.472 8.608 3.84v0c87.264 86.848 172.32 171.264 252.8 251.232l19.616 19.424c13.312 13.184 27.072 26.784 40.672 40.48 7.712 7.744 14.496 16.448 20.128 25.888l0.352 0.608c11.072 18.496 17.632 40.768 17.632 64.608 0 25.664-7.616 49.568-20.704 69.568l0.288-0.48c-9.184 14.016-20.48 25.76-33.6 35.168l-0.384 0.256c-10.24 7.392-22.112 13.44-34.848 17.472l-0.896 0.256c-6.752 1.248-14.496 1.952-22.432 1.952-0.416 0-0.8 0-1.216 0h0.064zM636.48 948.64c-4.608-0.032-9.024-0.608-13.28-1.728l0.384 0.096c-9.216-2.144-17.184-6.624-23.488-12.8v0c-6.112-6.368-10.592-14.336-12.704-23.232l-0.064-0.352c-0.928-3.392-1.44-7.264-1.44-11.264 0-5.152 0.864-10.112 2.464-14.72l-0.096 0.32c0.8-2.432 1.632-4.448 2.56-6.4l-0.128 0.32c2.208-4.224 4.192-9.152 5.696-14.304l0.16-0.608-4.704 2.176h-0.352c-3.424 1.6-6.976 3.264-10.528 4.736-5.856 2.56-12.704 4.032-19.904 4.032-0.032 0-0.064 0-0.096 0v0c-0.032 0-0.064 0-0.096 0-14.688 0-27.808-6.528-36.704-16.832l-0.064-0.064c-4.544-5.312-8-11.648-10.016-18.624l-0.096-0.352c-1.184-3.904-1.856-8.416-1.856-13.056 0-1.6 0.096-3.2 0.224-4.736v0.192c0.704-6.304 2.464-12.032 5.088-17.28l-0.128 0.288c1.472-3.040 2.976-6.048 4.64-9.472l0.256-0.512v-0.256l1.792-3.616-0.8-0.8-9.952 4.8c-2.24 1.056-4.032 1.92-5.696 2.656-5.984 2.656-12.96 4.192-20.32 4.224v0c-5.792 0-11.328-1.024-16.512-2.848l0.352 0.096c-5.408-1.92-10.112-4.576-14.24-7.904l0.096 0.064c-4.288-3.424-7.936-7.488-10.816-12.064l-0.128-0.192c-2.912-4.64-5.12-10.048-6.336-15.84l-0.064-0.32c-0.672-3.008-1.056-6.464-1.056-9.984 0-8.288 2.080-16.096 5.792-22.912l-0.128 0.256c1.28-2.56 2.56-5.152 3.776-7.68v0l0.128-0.256 0.16-0.352c0.864-1.792 1.728-3.616 2.72-5.632-2.272 1.056-4.384 2.016-6.528 3.104l-0.224 0.096c-4.16 2.016-8.064 3.872-12.128 5.472-5.536 2.304-11.936 3.68-18.688 3.68v0c-0.16 0-0.384 0-0.576 0-10.944 0-21.056-3.584-29.216-9.664l0.128 0.096c-4.256-3.232-7.872-7.072-10.784-11.392l-0.096-0.16c-2.944-4.352-5.248-9.376-6.656-14.816l-0.064-0.352c-1.088-3.776-1.728-8.128-1.728-12.608 0-8.768 2.4-16.96 6.56-23.968l-0.128 0.224c2.528-4.224 5.376-7.872 8.576-11.168v0c19.744-20.192 40.128-40.096 59.328-58.816 8.768-8.64 20.832-13.952 34.112-13.952 0.032 0 0.032 0 0.064 0v0c9.728 0.032 18.784 2.816 26.464 7.584l-0.224-0.128c9.216 5.504 16.288 13.76 20.224 23.616l0.128 0.32c1.92 5.088 3.040 11.008 3.040 17.152 0 5.216-0.8 10.272-2.304 14.976l-0.192 0.704v0.096l-0.192 0.672v0.576l-0.096 0.352-0.256 0.832v0.16c-0.704 2.432-1.44 4.896-2.016 7.424-1.024 3.872-1.76 7.136-2.304 10.336l1.312-1.184c0.768-0.672 1.728-1.504 2.592-2.368 2.016-2.016 4.128-4.032 6.048-6.048l0.16-0.16c4.288-4.288 8.704-8.704 13.28-12.8 8.736-7.872 20.32-12.704 33.056-12.704 12.288 0 23.52 4.48 32.16 11.904l-0.064-0.064c10.592 8.896 17.248 22.176 17.248 36.992 0 6.656-1.344 12.992-3.776 18.752l0.128-0.32c-1.28 3.136-2.688 5.792-4.288 8.288l0.128-0.224c-0.8 1.344-1.664 2.656-2.528 4.032v0c-2.24 3.296-4.48 7.104-6.464 11.072l-0.256 0.576 4.224-1.536 0.576-0.224c3.712-1.344 7.552-2.752 11.392-4.032 4.864-1.664 10.496-2.656 16.32-2.656v0c0.032 0 0.096 0 0.128 0 9.856 0 19.072 2.848 26.816 7.776l-0.192-0.128c8.064 5.12 14.368 12.352 18.208 20.928l0.128 0.288c2.72 5.824 4.352 12.64 4.512 19.808v0.064c0 0.032 0 0.064 0 0.064 0 6.752-1.504 13.184-4.16 18.944l0.128-0.288c-2.368 5.184-5.184 9.664-8.512 13.696l0.096-0.096-2.72 3.328c-1.6 2.016-3.040 3.712-4.48 5.44v0c0 0.064 0 0.16 0 0.256s0 0.192 0 0.256v0c0 0.224 0 0.48 0 0.8l2.56-0.224h0.992c3.104-0.288 6.048-0.544 8.992-0.832 1.6-0.192 3.456-0.288 5.312-0.288v0c0.128 0 0.32 0 0.48 0 18.432 0 34.528 10.080 43.008 25.056l0.128 0.256c3.584 6.496 5.728 14.208 5.76 22.432v0c0 0.064 0 0.16 0 0.224 0 8.224-2.016 16-5.568 22.816l0.128-0.288c-1.76 3.424-3.712 6.368-5.952 9.088l0.064-0.096c-15.616 19.136-31.744 38.208-47.936 56.736-8.896 11.264-22.528 18.496-37.824 18.688h-0.032zM906.336 644.256v0c-2.144-2.272-4.288-4.608-6.336-6.816v0l-0.256-0.256c-4.704-5.12-9.568-10.368-14.592-15.296-57.728-56.8-116.416-114.496-174.4-171.456-2.784-2.88-6.656-4.672-10.976-4.672h-0.832c-18.4 0-37.056 0.128-55.456 0.128s-37.056 0-55.488-0.128h-0.64c-4.032 0-7.68 1.664-10.304 4.32v0c-17.92 17.088-36.352 34.336-54.528 51.2-5.088 4.704-11.072 8.512-17.664 11.136l-0.384 0.128c-5.952 2.368-12.864 3.744-20.096 3.744-0.032 0-0.064 0-0.096 0v0c-16.768-0.224-31.936-6.912-43.136-17.696l0.032 0.032c-4.928-4.64-8.896-10.272-11.584-16.544l-0.128-0.32c-2.624-5.984-4.288-12.96-4.608-20.256v-0.128c-0.032-0.896-0.064-1.952-0.064-3.008 0-6.432 0.992-12.64 2.848-18.464l-0.128 0.416c2.24-7.264 5.696-13.568 10.176-19.008l-0.064 0.096c3.168-3.616 6.56-6.88 10.176-9.856l0.16-0.128c2.016-1.76 4.128-3.584 6.048-5.472l8.448-8.064 0.224-0.192 0.32-0.288 2.016-1.888c15.584-14.848 31.68-30.304 47.264-45.792 6.176-6.336 13.568-11.488 21.76-15.104l0.448-0.16c7.552-3.2 16.32-5.088 25.504-5.088 0.32 0 0.608 0 0.928 0h0.32c33.888 0.128 68.352 0.128 101.664 0.128h0.384c35.712 0 72.704 0 109.056 0.192 0.32 0.032 0.736 0.032 1.12 0.032 6.976 0 13.216-3.008 17.568-7.776l0.032-0.032c44.32-44.416 89.664-89.376 134.752-133.76 0.8-0.8 1.664-1.568 2.464-2.304l0.128-0.096h0.096l1.344-1.216 1.376 1.184c0.864 0.736 1.76 1.504 2.56 2.304l167.392 166.048c9.056 8.672 15.872 19.552 19.648 31.776l0.128 0.512v31.712c-0.32 1.312-0.576 2.272-0.864 3.168-3.648 11.648-9.92 21.568-18.144 29.472l-0.032 0.032c-63.584 63.072-127.808 126.784-190.784 189.408-0.8 0.8-1.728 1.6-3.232 2.912v0l-0.128 0.128-0.544 0.48-0.704 0.64zM390.496 568.576v0c-0.992-0.672-1.824-1.344-2.624-2.048l0.032 0.032-13.824-13.728c-20.192-19.968-40.96-40.608-61.408-61.184-1.696-1.984-4.16-3.264-6.944-3.328v0c-1.056 0-2.048 0.128-3.008 0.352l0.096-0.032c-16.8 3.872-36.128 6.144-55.968 6.208h-0.064c-0.032 0-0.096 0-0.128 0-17.504 0-34.592-1.92-51.008-5.536l1.568 0.288c-18.368-4.064-34.496-9.568-49.728-16.672l1.472 0.608c-20.8-9.44-38.72-20.224-55.2-32.8l0.672 0.512c-8.352-6.432-15.776-12.928-22.752-19.808l0.032 0.032c-13.76-13.632-25.792-28.96-35.776-45.696l-0.576-1.056c-4.448-7.392-9.024-16.224-13.056-25.376l-0.608-1.568c-7.68-17.472-13.984-37.92-17.92-59.168l-0.256-1.76c-0.992-5.344-1.664-10.752-2.368-16v0 0c-0.48-2.336-0.736-4.352-1.056-6.528v-33.024c0.32-2.368 0.64-4.8 0.928-7.104v-0.416c0.704-5.504 1.408-11.168 2.368-16.768 3.648-22.016 9.76-41.728 18.144-60.16l-0.608 1.472 1.376 1.056c0.928 0.8 1.728 1.504 2.496 2.272 14.432 14.272 28.928 28.672 42.944 42.624v0l0.256 0.256c27.936 27.776 56.8 56.416 85.6 84.576 16.416 16.256 39.008 26.304 63.936 26.304 33.28 0 62.4-17.888 78.24-44.608l0.224-0.416c7.68-12.864 12.224-28.384 12.224-44.96 0-24.032-9.536-45.856-25.056-61.856l0.032 0.032c-23.744-24.032-48.096-48.096-71.68-71.36v0l-0.096-0.096q-15.744-15.552-30.688-30.304l-13.92-13.792-5.12-5.216-8.832-8.672c-0.512-0.512-0.96-1.056-1.568-1.792v0 0 0c-0.448-0.544-1.056-1.28-1.856-2.208 3.776-1.248 7.424-2.56 10.976-3.808h0.16c6.048-2.432 13.888-5.056 21.888-7.264l1.664-0.384c9.44-2.496 21.312-4.8 33.376-6.4l1.6-0.16c10.208-1.376 21.984-2.176 33.952-2.208h0.032c0.064 0 0.128 0 0.224 0 15.040 0 29.76 1.376 44.064 4l-1.472-0.224c15.648 2.88 29.44 6.816 42.624 11.936l-1.568-0.544c15.168 5.824 28.064 12.256 40.288 19.712l-1.088-0.608c14.080 8.576 26.272 17.472 37.664 27.232l-0.384-0.32c12.288 10.432 23.264 21.664 33.12 33.856l0.384 0.48c9.12 11.36 17.472 24.128 24.512 37.664l0.608 1.28c6.4 12.32 12.16 26.688 16.448 41.728l0.416 1.664c3.968 13.632 7.040 29.76 8.608 46.304l0.096 1.088c0.672 6.656 1.056 14.432 1.056 22.24 0 19.712-2.464 38.88-7.104 57.152l0.352-1.6c-0.352 1.888-1.184 3.552-2.368 4.928v0c-14.848 14.72-31.648 31.424-48.16 47.328-8.64 8.32-17.824 16.384-26.688 24.224v0l-0.416 0.352c-21.696 18.976-35.328 46.72-35.328 77.664 0 32.352 14.912 61.216 38.24 80.096l0.192 0.16c1.12 0.896 2.208 1.824 3.2 2.688v0l0.448 0.416z"
        ],
        "width": 1120,
        "attrs": [
          {}
        ],
        "isMulticolor": false,
        "isMulticolor2": false,
        "colorPermutations": {
          "2330123501": [
            {}
          ],
          "231012330123501": [
            {}
          ]
        },
        "tags": [
          "fix"
        ],
        "grid": 0
      },
      "attrs": [
        {}
      ],
      "properties": {
        "order": 227,
        "id": 42,
        "name": "fix",
        "prevSize": 32,
        "code": 59680
      },
      "setIdx": 0,
      "setId": 3,
      "iconIdx": 43
    },
    {
      "icon": {
        "paths": [
          "M798.6 465.6c0-2.4 0.4-4.8 0.4-7.2 0-128.6-105.6-234.4-233.6-234.4-92.2 0-171.6 55.8-208.8 134-16.2-8.2-34.2-12.8-53.6-12.8-59.2 0-108.2 47.4-117.8 104-70.4 24.4-121.2 88.4-121.2 167.6 0 99.6 80.2 183.2 179.2 183.2h552.8c90 0 164-77.8 164-168.6 0-91.2-70.8-165.6-161.4-165.8zM795 767.2l-6.4 0.8h-543.8c-81.8 0-148.4-69.8-148.4-152.2 0-63.8 40.4-116.8 100.4-137.6l16.8-6 3-17.6c7.2-43.2 44.2-78.6 87.8-78.6 13.8 0 27.4 3.2 39.8 9.6l27 13.6 13-27.4c33.2-69.8 104.2-116.4 180.8-116.4 110.6 0 201.8 88.2 201.8 199.4 0 26.6-0.4 40.6-0.4 40.6l30.4 0.2c73.4 1 131.2 61 131.2 134.8s-59.6 136.4-133 136.8z"
        ],
        "attrs": [
          {}
        ],
        "isMulticolor": false,
        "isMulticolor2": false,
        "colorPermutations": {
          "2330123501": [
            {}
          ],
          "231012330123501": [
            {}
          ]
        },
        "tags": [
          "cloud"
        ],
        "grid": 0
      },
      "attrs": [
        {}
      ],
      "properties": {
        "order": 232,
        "id": 43,
        "name": "cloud",
        "prevSize": 32,
        "code": 59650
      },
      "setIdx": 0,
      "setId": 3,
      "iconIdx": 44
    },
    {
      "icon": {
        "paths": [
          "M192 499.2l233.2 102.6 114.4 230.2 292.4-640-640 307.2zM456.2 593l311.4-332.4-229.2 497.8-82.2-165.4zM763.6 256.6l-330 314.2-165.6-72.8 495.6-241.4z"
        ],
        "attrs": [
          {}
        ],
        "isMulticolor": false,
        "isMulticolor2": false,
        "colorPermutations": {
          "2330123501": [
            {}
          ],
          "231012330123501": [
            {}
          ]
        },
        "tags": [
          "paperplane"
        ],
        "grid": 0
      },
      "attrs": [
        {}
      ],
      "properties": {
        "order": 233,
        "id": 44,
        "name": "paperplane",
        "prevSize": 32,
        "code": 59658
      },
      "setIdx": 0,
      "setId": 3,
      "iconIdx": 45
    },
    {
      "icon": {
        "paths": [
          "M834.8 448h-258.8v-258.8c0-33.8-28.6-61.2-64-61.2s-64 27.4-64 61.2v258.8h-258.8c-33.8 0-61.2 28.6-61.2 64s27.4 64 61.2 64h258.8v258.8c0 33.8 28.6 61.2 64 61.2s64-27.4 64-61.2v-258.8h258.8c33.8 0 61.2-28.6 61.2-64s-27.4-64-61.2-64z"
        ],
        "attrs": [
          {}
        ],
        "isMulticolor": false,
        "isMulticolor2": false,
        "colorPermutations": {
          "2330123501": [
            {}
          ],
          "231012330123501": [
            {}
          ]
        },
        "tags": [
          "plus (1)"
        ],
        "grid": 0
      },
      "attrs": [
        {}
      ],
      "properties": {
        "order": 234,
        "id": 45,
        "name": "plus",
        "prevSize": 32,
        "code": 59659
      },
      "setIdx": 0,
      "setId": 3,
      "iconIdx": 46
    },
    {
      "icon": {
        "paths": [
          "M512 66c-247.4 0-448 200.6-448 448s200.6 448 448 448c247.4 0 448-200.6 448-448s-200.6-448-448-448zM728.6 665c3 3 4.6 7 4.6 11.2s-1.6 8.4-4.6 11.2l-43.2 43.4c-3.2 3.2-7.2 4.6-11.2 4.6s-8.2-1.6-11.2-4.6l-151-151.2-150.8 151.4c-3 3.2-7.2 4.6-11.2 4.6s-8.2-1.6-11.2-4.6l-43.2-43.4c-3-3-4.6-7-4.6-11.2s1.6-8.4 4.6-11.2l151.4-152-151.8-150c-6.2-6.2-6.2-16.4 0-22.6l43.2-43.4c3-3 7-4.6 11.2-4.6s8.2 1.6 11.2 4.6l151.4 149.4 151.4-149.4c3-3 7-4.6 11.2-4.6s8.2 1.6 11.2 4.6l43.2 43.4c6.2 6.2 6.2 16.4 0 22.6l-151.8 150 151.2 151.8z"
        ],
        "attrs": [
          {}
        ],
        "isMulticolor": false,
        "isMulticolor2": false,
        "colorPermutations": {
          "2330123501": [
            {}
          ],
          "231012330123501": [
            {}
          ]
        },
        "tags": [
          "delete"
        ],
        "grid": 0
      },
      "attrs": [
        {}
      ],
      "properties": {
        "order": 235,
        "id": 46,
        "name": "delete",
        "prevSize": 32,
        "code": 59664
      },
      "setIdx": 0,
      "setId": 3,
      "iconIdx": 47
    },
    {
      "icon": {
        "paths": [
          "M512 96c-229.8 0-416 186.2-416 416s186.2 416 416 416c229.8 0 416-186.2 416-416s-186.2-416-416-416zM447.8 659.4c-4.8 4.8-11.6 8.8-17.6 8.8s-12.8-4.2-17.8-9l-112-112 35.6-35.6 94.4 94.4 249.6-251.4 35 36.2-267.2 268.6z"
        ],
        "attrs": [
          {}
        ],
        "isMulticolor": false,
        "isMulticolor2": false,
        "colorPermutations": {
          "2330123501": [
            {}
          ],
          "231012330123501": [
            {}
          ]
        },
        "tags": [
          "tick"
        ],
        "grid": 0
      },
      "attrs": [
        {}
      ],
      "properties": {
        "order": 236,
        "id": 47,
        "name": "tick",
        "prevSize": 32,
        "code": 59669
      },
      "setIdx": 0,
      "setId": 3,
      "iconIdx": 48
    },
    {
      "icon": {
        "paths": [
          "M1024 513.358c0 0.016 0 0.034 0 0.053 0 283.52-229.23 513.358-512 513.358s-512-229.838-512-513.358c0-0.019 0-0.037 0-0.056l-0 0.002c-0-0.016-0-0.034-0-0.053 0-283.52 229.23-513.358 512-513.358s512 229.838 512 513.358c0 0.019-0 0.037-0 0.056l0-0.002z"
        ],
        "attrs": [],
        "isMulticolor": false,
        "isMulticolor2": false,
        "colorPermutations": {
          "2330123501": [],
          "231012330123501": []
        },
        "tags": [
          "Yellow_icon"
        ],
        "grid": 0
      },
      "attrs": [],
      "properties": {
        "order": 237,
        "id": 48,
        "name": "circle",
        "prevSize": 32,
        "code": 59648
      },
      "setIdx": 0,
      "setId": 3,
      "iconIdx": 49
    },
    {
      "icon": {
        "paths": [
          "M661.737 597.69h-33.885l-11.776-11.683c41.592-48.068 66.932-111.196 66.932-180.243 0-0.059-0-0.118-0-0.177l0 0.009c0-153.236-124.222-277.457-277.457-277.457-0.016 0-0.033 0-0.049 0l0.002-0c-0.014-0-0.030-0-0.047-0-153.186 0-277.378 124.142-277.457 277.31l-0 0.007c-0 0.014-0 0.030-0 0.047 0 153.236 124.222 277.457 277.457 277.457 0.016 0 0.033-0 0.049-0l-0.002 0c0.122 0 0.267 0 0.411 0 68.907 0 131.922-25.229 180.31-66.955l-0.358 0.302 11.776 11.683v33.792l213.364 213.039 63.674-63.628-212.945-213.504zM405.737 597.69c-0.097 0-0.211 0-0.326 0-106.064 0-192.047-85.982-192.047-192.047 0-0.066 0-0.131 0-0.197l-0 0.010c0-106.090 86.003-192.093 192.093-192.093v0c106.079 0.027 192.067 86.014 192.093 192.090l0 0.003c0 0.041 0 0.090 0 0.14 0 106.074-85.976 192.067-192.044 192.093l-0.003 0z"
        ],
        "attrs": [],
        "isMulticolor": false,
        "isMulticolor2": false,
        "colorPermutations": {
          "2330123501": [],
          "1611217011711717712552552551": [],
          "231012330123501": []
        },
        "tags": [
          "ic_search_white"
        ],
        "grid": 0
      },
      "attrs": [],
      "properties": {
        "order": 238,
        "id": 49,
        "name": "search",
        "prevSize": 32,
        "code": 59667
      },
      "setIdx": 0,
      "setId": 3,
      "iconIdx": 50
    },
    {
      "icon": {
        "paths": [
          "M0 353.592v450.159c0.076 68.744 55.783 124.451 124.52 124.527l771.257 0c68.744-0.076 124.451-55.783 124.527-124.52l0-0.007v-450.159c-0.038-65.415-53.057-118.434-118.469-118.472l-165.758-0-3.962-17.274c-15.906-67.878-75.925-117.65-147.57-117.65-0.242 0-0.484 0.001-0.725 0.002l0.037-0h-147.545c-0.125-0-0.274-0.001-0.422-0.001-71.708 0-131.796 49.751-147.63 116.619l-0.206 1.030-3.962 17.274h-165.621c-65.385 0.114-118.358 53.088-118.472 118.461l-0 0.011zM304.417 286.052c0.006 0 0.014 0 0.022 0 12.035 0 22.113-8.377 24.721-19.619l0.033-0.171 8.548-37.064c10.683-45.025 50.548-78.003 98.115-78.003 0.16 0 0.32 0 0.48 0.001l-0.025-0h147.634c0.103-0 0.225-0.001 0.346-0.001 47.599 0 87.486 33.023 97.999 77.408l0.137 0.684 8.548 37.064c2.718 11.375 12.763 19.715 24.768 19.79l0.008 0h185.811c0.007-0 0.014-0 0.022-0 37.252 0 67.45 30.199 67.45 67.45 0 0.008-0 0.016-0 0.023l0-0.001v450.137c0 40.571-32.89 73.461-73.461 73.461v0h-771.050c-40.571 0-73.461-32.89-73.461-73.461v0-450.159c-0-0.026-0-0.058-0-0.089 0-37.236 30.173-67.425 67.404-67.45l0.002-0z",
          "M206.759 395.019c0 18.86-15.289 34.148-34.148 34.148s-34.148-15.289-34.148-34.148c0-18.86 15.289-34.148 34.148-34.148s34.148 15.289 34.148 34.148z",
          "M510.152 797.295c118.333 0 214.261-95.928 214.261-214.261s-95.928-214.261-214.261-214.261c-118.333 0-214.261 95.928-214.261 214.261v0c0.202 118.252 96.009 214.059 214.241 214.261l0.019 0zM510.152 419.795c90.154 0 163.239 73.085 163.239 163.239s-73.085 163.239-163.239 163.239c-90.154 0-163.239-73.085-163.239-163.239v0c0.152-90.093 73.146-163.087 163.224-163.239l0.015-0z"
        ],
        "attrs": [],
        "isMulticolor": false,
        "isMulticolor2": false,
        "colorPermutations": {
          "2330123501": [],
          "1611217011711717712552552551": [],
          "231012330123501": []
        },
        "tags": [
          "photo-camera (2)"
        ],
        "grid": 0
      },
      "attrs": [],
      "properties": {
        "order": 239,
        "id": 50,
        "name": "camera",
        "prevSize": 32,
        "code": 59660
      },
      "setIdx": 0,
      "setId": 3,
      "iconIdx": 51
    },
    {
      "icon": {
        "paths": [
          "M1150.714 512c0-0.056 0-0.122 0-0.189 0-24.782-14.198-46.247-34.903-56.707l-0.363-0.166-85.694-42.847 85.694-42.847c21.092-10.712 35.292-32.245 35.292-57.096s-14.201-46.384-34.93-56.928l-0.363-0.167-483.706-241.785c-16.438-8.342-35.841-13.228-56.385-13.228s-39.947 4.887-57.11 13.561l0.725-0.332-483.706 241.853c-21.054 10.724-35.225 32.238-35.225 57.062s14.17 46.338 34.863 56.894l0.362 0.167 85.694 42.847-85.694 42.847c-21.054 10.724-35.225 32.238-35.225 57.062s14.17 46.338 34.863 56.894l0.362 0.167 85.694 42.847-85.694 42.847c-21.092 10.712-35.292 32.245-35.292 57.096s14.201 46.384 34.93 56.928l0.363 0.167 483.706 241.853c16.438 8.342 35.841 13.228 56.385 13.228s39.947-4.887 57.11-13.561l-0.725 0.332 483.706-241.853c21.054-10.724 35.225-32.238 35.225-57.062s-14.17-46.338-34.863-56.894l-0.362-0.167-85.694-42.847 85.694-42.847c21.069-10.626 35.267-32.092 35.267-56.873 0-0.090-0-0.18-0.001-0.27l0 0.014zM58.957 321.929c-3.638-1.817-6.092-5.512-6.092-9.781s2.454-7.964 6.029-9.753l0.063-0.029 483.706-241.853c9.551-4.848 20.824-7.688 32.762-7.688s23.211 2.84 33.183 7.881l-0.421-0.193 483.706 241.853c3.638 1.817 6.092 5.512 6.092 9.781s-2.454 7.964-6.029 9.753l-0.063 0.029-483.774 241.853c-9.551 4.848-20.824 7.688-32.762 7.688s-23.211-2.84-33.183-7.881l0.421 0.193zM1091.824 702.071c3.6 1.829 6.024 5.505 6.024 9.747s-2.424 7.918-5.962 9.719l-0.062 0.029-483.706 241.921c-9.551 4.848-20.824 7.688-32.762 7.688s-23.211-2.84-33.183-7.881l0.421 0.193-483.638-241.853c-3.6-1.829-6.024-5.505-6.024-9.747s2.424-7.918 5.962-9.719l0.062-0.029 121.163-60.92 338.851 169.223c16.438 8.342 35.841 13.228 56.385 13.228s39.947-4.887 57.11-13.561l-0.725 0.332 338.851-169.223zM1091.824 521.747l-483.706 241.853c-9.551 4.848-20.824 7.688-32.762 7.688s-23.211-2.84-33.183-7.881l0.421 0.193-483.638-241.921c-3.638-1.817-6.092-5.512-6.092-9.781s2.454-7.964 6.029-9.753l0.063-0.029 121.163-60.92 338.851 169.223c16.438 8.342 35.841 13.228 56.385 13.228s39.947-4.887 57.11-13.561l-0.725 0.332 338.851-169.223 121.163 60.582c3.638 1.817 6.092 5.512 6.092 9.781s-2.454 7.964-6.029 9.753l-0.063 0.029z"
        ],
        "width": 1151,
        "attrs": [],
        "isMulticolor": false,
        "isMulticolor2": false,
        "colorPermutations": {
          "2330123501": [],
          "1611217011711717712552552551": [],
          "231012330123501": []
        },
        "tags": [
          "layers"
        ],
        "grid": 0
      },
      "attrs": [],
      "properties": {
        "order": 240,
        "id": 51,
        "name": "layers",
        "prevSize": 32,
        "code": 59654,
        "ligatures": ""
      },
      "setIdx": 0,
      "setId": 3,
      "iconIdx": 52
    },
    {
      "icon": {
        "paths": [
          "M0 1024v-128.023c0-140.835 230.423-255.954 512-255.954s512 115.212 512 256.046v127.931zM255.954 256.046c-0-0.027-0-0.060-0-0.092 0-141.41 114.636-256.046 256.046-256.046s256.046 114.636 256.046 256.046c0 141.41-114.636 256.046-256.046 256.046h0c-141.378 0-255.994-114.583-256.046-255.949l-0-0.005z"
        ],
        "attrs": [],
        "isMulticolor": false,
        "isMulticolor2": false,
        "colorPermutations": {
          "2330123501": [],
          "1611217011711717712552552551": [],
          "231012330123501": []
        },
        "tags": [
          "profile"
        ],
        "grid": 0
      },
      "attrs": [],
      "properties": {
        "order": 241,
        "id": 52,
        "name": "profile",
        "prevSize": 32,
        "code": 59663
      },
      "setIdx": 0,
      "setId": 3,
      "iconIdx": 53
    },
    {
      "icon": {
        "paths": [
          "M483.503 609.262c0.102 0 0.222 0 0.342 0 98.478 0 178.31-79.832 178.31-178.31 0-0.12-0-0.24-0-0.361l0 0.018c0.003-0.37 0.004-0.807 0.004-1.245 0-99.707-79.38-180.874-178.391-183.75l-0.265-0.006c-0.102-0-0.222-0-0.342-0-98.478 0-178.31 79.832-178.31 178.31 0 0.12 0 0.24 0 0.361l-0-0.018c1.673 99.298 79.945 179.783 178.184 184.981l0.468 0.020zM183.633 124.539c76.318-74.362 180.716-120.226 295.827-120.226 234.205 0 424.066 189.861 424.066 424.066 0 115.074-45.835 219.443-120.245 295.846l0.090-0.093-299.869 299.869-299.869-299.869c-74.029-77.93-119.563-183.546-119.563-299.796s45.534-221.866 119.74-299.984l-0.177 0.188z"
        ],
        "attrs": [],
        "isMulticolor": false,
        "isMulticolor2": false,
        "colorPermutations": {
          "2330123501": [],
          "1611217011711717712552552551": [],
          "231012330123501": []
        },
        "tags": [
          "place"
        ],
        "grid": 0
      },
      "attrs": [],
      "properties": {
        "order": 242,
        "id": 53,
        "name": "place",
        "prevSize": 32,
        "code": 59666
      },
      "setIdx": 0,
      "setId": 3,
      "iconIdx": 54
    }
  ],
  "height": 1024,
  "metadata": {
    "name": "vime"
  },
  "preferences": {
    "showGlyphs": true,
    "showQuickUse": true,
    "showQuickUse2": true,
    "showSVGs": true,
    "fontPref": {
      "prefix": "icon-",
      "metadata": {
        "fontFamily": "vime",
        "majorVersion": 1,
        "minorVersion": 0
      },
      "metrics": {
        "emSize": 1024,
        "baseline": 6.25,
        "whitespace": 50
      },
      "embed": false,
      "autoHost": true,
      "showSelector": true,
      "showMetrics": true,
      "showVersion": true,
      "selector": "",
      "showMetadata": true
    },
    "imagePref": {
      "prefix": "icon-",
      "png": true,
      "useClassSelector": true,
      "color": 0,
      "bgColor": 16777215,
      "classSelector": ".icon",
      "height": 32,
      "columns": 16,
      "margin": 16
    },
    "historySize": 50,
    "showCodes": true,
    "gridSize": 16,
    "quickUsageToken": {
      "UntitledProject": "MGY1ZjAxMzMwYTZkNDcxZTg0ODVjNGZiOWRkYWQzMDAjMSMxNTE2MTgwOTcxIyMj"
    },
    "showLiga": true
  }
}